question,answer
What does Mapúa's School of Information Technology (SOIT) emphasize in its curriculum?,"Mapúa's SOIT emphasizes mastering the latest tools and languages in IT, with a curriculum crafted by industry experts. It prepares students to tackle real-world challenges through global industry applications."
What accreditation does Mapúa's School of Information Technology (SOIT) have?,"SOIT’s programs are accredited by ABET’s Computing Accreditation Commission, ensuring high educational standards in the field of Information Technology."
What is Mapúa's School of Information Technology recognized as?,Mapúa’s School of Information Technology is recognized as a Center of Excellence for IT education.
What kind of programs does Mapúa's School of Information Technology offer?,"SOIT offers various IT-related programs including Computer Science, Information Systems, and Information Technology."
How does Mapúa's Computer Science program rank in global university rankings?,Mapúa's Computer Science program is ranked 801+ in the Times Higher Education (THE) World University Rankings 2023.
What is the rating of Mapúa’s Computer Science program by Quacquarelli Symonds (QS)?,Mapúa’s Computer Science program is rated 4 Stars by Quacquarelli Symonds (QS).
What are the specializations available in the Computer Science program at Mapúa?,"The Computer Science program at Mapúa offers specializations in Intelligent Systems, Data Science, Software Engineering, and Application Development."
What is the Minor in STEM Education in Mapúa’s Computer Science program?,The Minor in STEM Education allows students to pursue a career in teaching and inspire the next generation of STEM professionals.
What skills are emphasized in the Computer Science program at Mapúa?,"The Computer Science program emphasizes strong technical skills, ethical practice, and teamwork."
What are the education objectives of the BS Computer Science program at Mapúa?,"Graduates should manage or participate in computing projects that lead to significant societal or global benefits, engage in lifelong learning, and demonstrate professionalism, attitude, and ethics."
What program outcomes does Mapúa's BS Computer Science program ensure for its graduates?,"Graduates will analyze complex computing problems, design solutions, communicate effectively, make informed judgments based on ethics, and function effectively in teams."
What does the BS Computer Science program at Mapúa prepare students to do?,"It prepares students to design complex software, solve computing problems, and theorize innovative software development concepts."
What is the focus of the Data Science program at Mapúa?,"The Data Science program focuses on equipping students with skills in mathematics, statistics, computer science, machine learning, data mining, and data visualization to leverage big data."
What is the Joint Program at Mapúa for Information Technology?,"Mapúa offers a joint Bachelor of Science in Information Technology and Master in Information Technology program, allowing students to earn both degrees simultaneously."
What are the main focuses of the Information Technology program at Mapúa?,"The Information Technology program trains students to be IT solutions architects, addressing organizational needs using hardware and software technologies."
What specializations are available in the Information Technology program at Mapúa?,"The Information Technology program offers specializations in Computer Network and Security, Cybersecurity, Application Development, and Enterprise Data Management."
What is the Program Education Objective for BS Information Technology graduates?,"Graduates are expected to manage computing projects that lead to global benefits, engage in lifelong learning, and maintain high standards of professionalism."
What does the Information Technology program teach students to do?,"It teaches students to design, integrate, and manage secure computing technologies to address user goals."
What are the key outcomes expected from the Information Technology program at Mapúa?,"Graduates will analyze computing problems, design solutions, communicate effectively, apply legal and ethical principles, and manage secure computing technologies."
What accreditation does Mapúa’s Computer Science program have?,Mapúa’s Computer Science program is accredited by ABET and is also AUN-QA-Certified.
What is the level of accreditation for Mapúa’s Information Systems program?,The Information Systems program at Mapúa has Level I accreditation from PACUCOA.
What is the significance of the PACUCOA accreditation for Mapúa’s programs?,PACUCOA accreditation ensures that Mapúa's Information Systems and Information Technology programs meet high-quality academic standards.
What are the specializations available in the Information Systems program at Mapúa?,"The Information Systems program offers specializations in Business Analytics, Enterprise Resource Planning, Enterprise Data Management, IT Audit, and IT Service Management."
What is the role of faculty in Mapúa's School of Information Technology?,The faculty in Mapúa’s School of Information Technology play a key role in delivering high-quality education and mentoring students to succeed in the IT field.
What programs are accredited by ABET in Mapúa’s School of Information Technology?,"The programs accredited by ABET in Mapúa’s School of Information Technology are Computer Science, Information Systems, and Information Technology."
How does Mapúa’s Computer Science program support students in their careers?,"The program provides a strong foundation in software development, ethical practice, and teamwork, preparing students for successful careers in the tech industry."
How does Mapúa’s Information Technology program help in cybersecurity?,"The program offers specializations in Cybersecurity and Computer Network Security, preparing students to address organizational security challenges."
What are the program outcomes for the Information Systems program at Mapúa?,"Graduates will analyze computing problems, design solutions, communicate professionally, and function as leaders or members of teams to support information systems."
What are the education objectives of the BS Information Systems program?,"Graduates should manage computing projects, engage in lifelong learning, and demonstrate professionalism and ethics."
What is the accreditation for Mapúa’s Information Systems and Information Technology programs?,Mapúa’s Information Systems and Information Technology programs are accredited by ABET and are AUN-QA Certified.
How is Mapúa's School of Information Technology ranked globally?,Mapúa’s School of Information Technology is recognized as a premier technological school in the Philippines.
What are the professional opportunities for graduates of the BS Computer Science program at Mapúa?,"Graduates can pursue careers as software developers, data scientists, system architects, and other IT professionals, with opportunities for leadership and professional development."
What does the Data Science program at Mapúa prepare students for?,"The Data Science program prepares students to work with big data, using machine learning and data analysis to create innovative products and services."
What is the role of the faculty in the School of Information Technology at Mapúa?,"Faculty members at Mapúa’s School of Information Technology are responsible for teaching, guiding research, and mentoring students to prepare them for successful careers in IT."
What makes Mapúa’s Computer Science program unique?,"Mapúa’s Computer Science program stands out for its ABET accreditation, strong industry ties, and emphasis on ethical practice, teamwork, and innovative software development."
What are the career paths for graduates of the Information Technology program?,"Graduates of the Information Technology program can become IT solutions architects, cybersecurity experts, and network security professionals."
What is the focus of the Minor in STEM Education offered by Mapúa?,The Minor in STEM Education allows students to pursue a career in teaching and help inspire the next generation of STEM professionals.
What specialized tracks are available in Mapúa’s Computer Science program?,"The program offers specialized tracks in Intelligent Systems, Data Science, Software Engineering, and Application Development."
What accreditation does Mapúa’s School of Information Technology have?,"Mapúa’s School of Information Technology is ABET-accredited, ensuring the quality of its educational programs."
What is the primary focus of Mapúa's Data Science program?,"The program focuses on training students to leverage data science techniques like machine learning, data mining, and visualization to address global challenges."
What is the role of teamwork in Mapúa’s Computer Science program?,"Teamwork is a key aspect of the program, with students expected to function effectively as team members or leaders in computing projects."
What are the educational goals for BS Information Technology graduates?,"Graduates are expected to manage IT projects, engage in lifelong learning, and demonstrate high professional standards."
What accreditation does Mapúa’s Computer Science program have?,The Computer Science program at Mapúa is accredited by ABET’s Computing Accreditation Commission.
How does Mapúa’s Information Technology program prepare students for future trends?,"It offers up-to-date education on cutting-edge technologies like cybersecurity, application development, and enterprise data management."
What does Mapúa’s Computer Science program teach about ethics?,"The program emphasizes ethical principles, helping students make informed judgments that are in line with legal and professional standards."
How does the Information Systems program at Mapúa ensure career success?,"The program integrates business and IT strategies, teaching students to design systems that are crucial for organizational success."
What makes Mapúa’s Information Systems program distinct?,"Mapúa’s Information Systems program offers specialized tracks in business analytics, IT audit, and service management, preparing students to lead in business technology."
What kind of faculty expertise is available at Mapúa’s School of Information Technology?,"The faculty consists of experienced professionals who bring practical knowledge and research expertise to the classroom, ensuring high-quality education."
How does Mapúa’s Computer Science program contribute to the tech industry?,"The program produces graduates with strong software development and problem-solving skills, making them highly competitive in the global tech industry."
What is the main focus of the BS Information Systems program at Mapúa?,"The BS Information Systems program at Mapúa focuses on training students to design, implement, and manage information systems that drive organizational success."
What are some of the key skills students will gain in the Information Systems program?,"Students will gain skills in business analytics, enterprise resource planning, IT audit, and service management, preparing them for roles in business technology."
How does the Computer Science program prepare students for algorithmic challenges?,The Computer Science program at Mapúa trains students to design and create complex algorithms and software solutions for solving real-world computing problems.
What career opportunities exist for graduates of the Information Systems program?,"Graduates of the Information Systems program can pursue careers in business analytics, IT service management, enterprise resource planning, and IT auditing."
What are the major benefits of taking the Minor in STEM Education at Mapúa?,"The Minor in STEM Education allows students to pursue teaching careers and inspire future generations of professionals in science, technology, engineering, and mathematics."
How does Mapúa's School of Information Technology support innovation?,"Mapúa's SOIT supports innovation by emphasizing cutting-edge technology, industry-relevant courses, and practical experience through projects and research."
What is the importance of teamwork in Mapúa’s Computer Science program?,Teamwork is essential in Mapúa’s Computer Science program as it helps students develop collaboration skills and prepares them for working in tech teams in professional environments.
What is the relationship between Mapúa’s Computer Science program and industry?,"Mapúa’s Computer Science program is crafted by industry experts, ensuring that students gain practical, real-world skills and knowledge that meet industry standards."
What are the core components of the BS Computer Science program?,"The core components of the program include software design, computing problem-solving, algorithm development, and teamwork, along with ethical practice and professionalism."
What does the Information Technology program at Mapúa emphasize in its curriculum?,"The Information Technology program emphasizes using hardware and software technologies to create solutions for organizational needs, with a strong focus on cybersecurity and secure technology management."
What is the primary goal of the Information Technology program?,The primary goal of the Information Technology program is to train students to become IT solutions architects capable of managing secure computing technologies and addressing user needs.
How does Mapúa’s Computer Science program prepare students for ethical decision-making?,"The program includes coursework and training that emphasize legal and ethical principles, ensuring students are prepared to make responsible decisions in their computing practices."
What impact does the ABET accreditation have on Mapúa's programs?,"ABET accreditation ensures that Mapúa’s programs meet internationally recognized quality standards, which enhances the employability and credibility of its graduates."
What is the role of professional development in Mapúa's Information Systems program?,"Professional development is a key focus, with the program preparing graduates to engage in lifelong learning and pursue graduate degrees or professional certifications in the field."
What opportunities does Mapúa’s Data Science program offer students?,"The Data Science program offers students the opportunity to learn essential skills in data analysis, machine learning, and visualization, preparing them to work with big data in various industries."
What makes the BS Information Technology program at Mapúa unique?,"The BS Information Technology program is unique for its focus on the integration of hardware and software solutions, cybersecurity, and preparing students for IT leadership roles."
How does Mapúa’s IT program prepare students for roles in cybersecurity?,"The program offers specializations in Cybersecurity and Computer Network Security, equipping students with the skills to address modern security threats and challenges."
What are the key learning outcomes for graduates of Mapúa’s Data Science program?,"Graduates of the Data Science program will be equipped with skills to analyze large datasets, apply machine learning algorithms, and develop innovative products and services using data-driven insights."
What role does research play in Mapúa’s School of Information Technology?,"Research plays a significant role in Mapúa’s SOIT, with faculty and students engaged in cutting-edge studies that contribute to the advancement of technology and IT education."
How does Mapúa's Computer Science program foster lifelong learning?,"The program encourages lifelong learning by instilling habits of continuous education, research, and professional development in students, preparing them for evolving tech industries."
What does the ABET accreditation for Mapúa's Computer Science program ensure?,The ABET accreditation ensures that Mapúa's Computer Science program maintains high-quality academic standards and provides students with the skills necessary for a successful career in computing.
What are the expected professional behaviors for graduates of the BS Information Technology program?,"Graduates are expected to demonstrate professionalism, ethical behavior, and effective communication skills in their computing practices and career pursuits."
What industries can graduates of Mapúa’s School of Information Technology work in?,"Graduates can work in various industries such as software development, cybersecurity, data science, business technology, and IT consulting."
How does Mapúa’s School of Information Technology prepare students for a global career?,"The curriculum is designed to meet global industry standards, and the university's international recognition equips students with the skills needed to thrive in a global tech environment."
What does the Minor in STEM Education aim to achieve?,"The Minor in STEM Education aims to prepare students for teaching careers, inspiring them to pass on knowledge and mentor the next generation of STEM professionals."
What is the importance of professional ethics in Mapúa’s Computer Science program?,"Professional ethics are emphasized throughout the program, ensuring students are prepared to make ethical decisions in real-world computing scenarios."
What career opportunities are available to graduates of Mapúa's Computer Science program?,"Graduates can pursue careers as software developers, data scientists, system architects, IT consultants, and more, with the ability to work in leadership roles in the tech industry."
What kind of learning environment does Mapúa’s School of Information Technology provide?,"Mapúa provides a collaborative and innovative learning environment, emphasizing teamwork, hands-on projects, and industry partnerships."
How does Mapúa’s Information Technology program help students manage computing projects?,"The program teaches students project management skills, ensuring they can lead teams and manage IT solutions that address organizational needs."
What role does communication play in the Computer Science program at Mapúa?,"Effective communication is emphasized, as graduates need to present technical concepts and solutions clearly in various professional contexts."
How does Mapúa ensure that its IT programs are aligned with industry standards?,"Mapúa works closely with industry experts to design its programs, ensuring they incorporate the latest tools, techniques, and best practices required in the IT sector."
What is the significance of the Times Higher Education ranking for Mapúa’s Computer Science program?,"The Times Higher Education ranking highlights the program’s global competitiveness and academic quality, further establishing Mapúa’s reputation in the field."
What is the role of enterprise systems in the Information Systems program?,The Information Systems program trains students to manage and implement enterprise resource planning (ERP) and other systems that are critical to modern businesses.
How does Mapúa’s School of Information Technology foster a culture of innovation?,"The school fosters innovation through its emphasis on cutting-edge technology, research opportunities, and hands-on projects that encourage creative problem-solving."
What makes Mapúa’s School of Information Technology a leader in IT education?,"Mapúa’s leadership in IT education is driven by its strong academic standards, ABET accreditation, international recognition, and focus on industry-relevant skills."
How does Mapúa’s Data Science program prepare students for future technological trends?,"The program prepares students by teaching them to apply machine learning, data mining, and advanced analytics to solve emerging problems in various fields."
What is the significance of Mapúa’s partnership with industry leaders in IT?,Mapúa’s partnership with industry leaders ensures that its programs are up-to-date with the latest technological trends and that students gain real-world experience through internships and projects.
